iter	MultiClass
0	0.6345973759
1	0.5864912263
2	0.5467348311
3	0.5128782771
4	0.4844400994
